year,state,total_employee,annual_median_wage,no_of_comp
1997,Alabama,,30492.8,790
1997,Alaska,,40934.4,142
1997,Arizona,,27456,1442
1997,Arkansas,,27310.4,385
1997,California,,34985.6,12066
1997,Colorado,,28329.6,2094
1997,Connecticut,,39270.4,1421
1997,Delaware,,36961.6,264
1997,District of Columbia,,38396.8,1067
1997,Florida,,29556.8,4577
1997,Georgia,,31553.6,2811
1997,Hawaii,,34216,223
1997,Idaho,,42057.6,325
1997,Illinois,,28932.8,4860
1997,Indiana,,32780.8,1839
1997,Iowa,,28745.6,911
1997,Kansas,,28017.6,917
1997,Kentucky,,29785.6,758
1997,Louisiana,,27539.2,777
1997,Maine,,29536,348
1997,Maryland,,33425.6,2254
1997,Massachusetts,,35588.8,3627
1997,Michigan,,34694.4,2934
1997,Minnesota,,31699.2,2688
1997,Mississippi,,25688,251
1997,Missouri,,26436.8,1947
1997,Montana,,25916.8,214
1997,Nebraska,,28017.6,612
1997,Nevada,,31740.8,449
1997,New Hampshire,,31220.8,638
1997,New Jersey,,39728,3051
1997,New Mexico,,28080,270
1997,New York,,36379.2,6825
1997,North Carolina,,27393.6,2229
1997,North Dakota,,26332.8,227
1997,Ohio,,33176,3945
1997,Oklahoma,,28537.6,713
1997,Oregon,,30388.8,1356
1997,Pennsylvania,,40955.2,3963
1997,Rhode Island,,38147.2,355
1997,South Carolina,,30742.4,811
1997,South Dakota,,24003.2,164
1997,Tennessee,,29182.4,1380
1997,Texas,,29182.4,6183
1997,Utah,,27747.2,919
1997,Vermont,,28516.8,291
1997,Virginia,,30326.4,3053
1997,Washington,,30409.6,2318
1997,West Virginia,,30680,153
1997,Wisconsin,,33425.6,2380
1997,Wyoming,,26187.2,94
1998,Alabama,94740,32280,1623
1998,Alaska,18300,41260,294
1998,Arizona,107430,28170,2995
1998,Arkansas,63330,27890,788
1998,California,770040,36530,25029
1998,Colorado,99470,29880,4355
1998,Connecticut,100840,38450,2914
1998,Delaware,17640,40150,539
1998,District of Columbia,31420,39000,2178
1998,Florida,311750,29640,9489
1998,Georgia,207030,33040,5842
1998,Hawaii,30820,34860,458
1998,Idaho,33980,32750,664
1998,Illinois,299360,28920,9976
1998,Indiana,141840,33780,3751
1998,Iowa,83780,28770,1851
1998,Kansas,79950,28770,1879
1998,Kentucky,94740,30570,1548
1998,Louisiana,105910,30140,1592
1998,Maine,37200,29910,707
1998,Maryland,136050,34820,4637
1998,Massachusetts,185470,37030,7447
1998,Michigan,214320,36190,6030
1998,Minnesota,138870,31940,5487
1998,Mississippi,67490,26030,509
1998,Missouri,139130,27320,3974
1998,Montana,26390,27900,443
1998,Nebraska,47490,28990,1262
1998,Nevada,32930,33550,931
1998,New Hampshire,35750,30050,1312
1998,New Jersey,203650,40600,6283
1998,New Mexico,48180,29400,554
1998,New York,533810,36490,14004
1998,North Carolina,203090,28440,4623
1998,North Dakota,19500,26780,461
1998,Ohio,267050,33970,8020
1998,Oklahoma,90050,28790,1471
1998,Oregon,95290,30710,2784
1998,Pennsylvania,292040,39940,8104
1998,Rhode Island,27530,40620,726
1998,South Carolina,91010,31710,1668
1998,South Dakota,21680,25640,339
1998,Tennessee,121600,30020,2822
1998,Texas,570680,30340,12781
1998,Utah,59940,26390,1883
1998,Vermont,23480,28320,593
1998,Virginia,176790,32090,6333
1998,Washington,145350,31010,4755
1998,West Virginia,41470,32290,312
1998,Wisconsin,132590,34100,4847
1998,Wyoming,15120,28080,190
1999,Alabama,23890,44800,2489
1999,Alaska,3030,46480,455
1999,Arizona,39640,49170,4685
1999,Arkansas,7430,35160,1203
1999,California,355780,56790,39195
1999,Colorado,75850,53850,6812
1999,Connecticut,44830,55020,4484
1999,Delaware,10250,52820,837
1999,District of Columbia,24650,55960,3358
1999,Florida,112920,45810,14816
1999,Georgia,83370,49800,9126
1999,Hawaii,5870,45380,696
1999,Idaho,8150,50570,1020
1999,Illinois,129200,52460,15380
1999,Indiana,35590,43330,5745
1999,Iowa,21140,45060,2827
1999,Kansas,25630,46310,2894
1999,Kentucky,19190,43060,2395
1999,Louisiana,13370,41840,2446
1999,Maine,6440,41580,1099
1999,Maryland,74350,53750,7200
1999,Massachusetts,105650,60800,11562
1999,Michigan,80140,51290,9298
1999,Minnesota,70360,52220,8413
1999,Mississippi,8330,38890,776
1999,Missouri,46690,50540,6107
1999,Montana,3440,35260,687
1999,Nebraska,19730,47470,1935
1999,Nevada,9240,45660,1472
1999,New Hampshire,12820,48740,2020
1999,New Jersey,107870,62520,9761
1999,New Mexico,15050,51810,858
1999,New York,164220,53300,21683
1999,North Carolina,75200,52170,7173
1999,North Dakota,3370,35920,698
1999,Ohio,100020,49390,12288
1999,Oklahoma,17360,39590,2265
1999,Oregon,29050,47590,4304
1999,Pennsylvania,94730,49520,12476
1999,Rhode Island,6880,52790,1115
1999,South Carolina,20080,47830,2582
1999,South Dakota,3160,35120,528
1999,Tennessee,28190,41000,4352
1999,Texas,222820,53550,19895
1999,Utah,20790,45440,2920
1999,Vermont,4220,43680,906
1999,Virginia,107980,54110,9892
1999,Washington,77320,53000,7369
1999,West Virginia,6130,39470,485
1999,Wisconsin,36570,44390,7413
1999,Wyoming,2080,28370,294
2000,Alabama,26840,49550,3382
2000,Alaska,3380,48210,620
2000,Arizona,51830,54090,6497
2000,Arkansas,8840,37180,1646
2000,California,428800,62360,54446
2000,Colorado,93030,59890,9429
2000,Connecticut,45650,57500,6135
2000,Delaware,11230,60690,1149
2000,District of Columbia,22600,59830,4599
2000,Florida,132380,47360,20555
2000,Georgia,96520,53110,12633
2000,Hawaii,6340,49350,939
2000,Idaho,9340,47590,1392
2000,Illinois,136190,55780,21054
2000,Indiana,34710,47490,7822
2000,Iowa,22710,48670,3823
2000,Kansas,26770,50340,3946
2000,Kentucky,20590,46580,3278
2000,Louisiana,15990,44270,3337
2000,Maine,8460,44060,1500
2000,Maryland,79060,58580,9939
2000,Massachusetts,120030,63450,15933
2000,Michigan,82020,53040,12711
2000,Minnesota,71220,54970,11465
2000,Mississippi,8230,38940,1050
2000,Missouri,55540,52300,8328
2000,Montana,4320,38970,945
2000,Nebraska,20770,49420,2633
2000,Nevada,10990,42450,2062
2000,New Hampshire,13220,52410,2767
2000,New Jersey,108000,62580,13471
2000,New Mexico,17250,52890,1171
2000,New York,179560,58220,29814
2000,North Carolina,77950,56200,9870
2000,North Dakota,3850,36450,941
2000,Ohio,95820,51580,16726
2000,Oklahoma,20570,39790,3110
2000,Oregon,34670,46620,5905
2000,Pennsylvania,105950,51120,17061
2000,Rhode Island,9330,44830,1518
2000,South Carolina,20440,44540,3546
2000,South Dakota,6030,31090,723
2000,Tennessee,34950,45410,5975
2000,Texas,230190,55620,27485
2000,Utah,33000,40210,4025
2000,Vermont,4140,43190,1230
2000,Virginia,139880,57360,13715
2000,Washington,92370,60330,10165
2000,West Virginia,6060,43530,667
2000,Wisconsin,43320,48370,10051
2000,Wyoming,1910,32490,401
2001,Alabama,25530,50910,4320
2001,Alaska,3390,50280,790
2001,Arizona,50090,54850,8465
2001,Arkansas,10280,37860,2106
2001,California,384810,65800,70886
2001,Colorado,84540,63240,12295
2001,Connecticut,45120,61120,7867
2001,Delaware,10700,62700,1483
2001,District of Columbia,24030,61380,5912
2001,Florida,127790,51250,26751
2001,Georgia,88300,55020,16413
2001,Hawaii,6590,50170,1199
2001,Idaho,9060,47320,1779
2001,Illinois,132160,59130,27050
2001,Indiana,34610,48570,9996
2001,Iowa,21960,48600,4847
2001,Kansas,27170,52210,5055
2001,Kentucky,24020,47910,4198
2001,Louisiana,16750,46400,4262
2001,Maine,7360,46530,1920
2001,Maryland,85000,62240,12871
2001,Massachusetts,110310,66640,20618
2001,Michigan,80120,55360,16280
2001,Minnesota,68990,56700,14689
2001,Mississippi,8820,40970,1336
2001,Missouri,51320,54220,10631
2001,Montana,4300,39140,1217
2001,Nebraska,21140,51710,3354
2001,Nevada,11260,44840,2716
2001,New Hampshire,12020,54620,3540
2001,New Jersey,117790,66140,17448
2001,New Mexico,13050,51550,1500
2001,New York,174660,61240,38434
2001,North Carolina,75510,57760,12749
2001,North Dakota,4610,37300,1188
2001,Ohio,93670,53890,21359
2001,Oklahoma,22800,41400,4000
2001,Oregon,34180,51920,7604
2001,Pennsylvania,104160,53220,21881
2001,Rhode Island,9510,50840,1942
2001,South Carolina,19570,46370,4556
2001,South Dakota,5160,37370,925
2001,Tennessee,33550,48120,7683
2001,Texas,215530,57220,35616
2001,Utah,28680,46410,5211
2001,Vermont,5420,51870,1564
2001,Virginia,143470,60250,17828
2001,Washington,83650,62620,13154
2001,West Virginia,6500,44140,853
2001,Wisconsin,45010,52300,12782
2001,Wyoming,1890,36300,510
2002,Alabama,29120,54220,5296
2002,Alaska,3210,53720,965
2002,Arizona,45630,53380,10561
2002,Arkansas,13530,43050,2577
2002,California,366250,66610,88417
2002,Colorado,75940,63350,15346
2002,Connecticut,42030,62290,9675
2002,Delaware,10010,61610,1846
2002,District of Columbia,26130,67120,7279
2002,Florida,127820,52450,33354
2002,Georgia,92630,56100,20413
2002,Hawaii,6610,54510,1469
2002,Idaho,9650,47430,2189
2002,Illinois,122930,58810,33333
2002,Indiana,37810,50110,12262
2002,Iowa,20790,49950,5898
2002,Kansas,27180,53730,6204
2002,Kentucky,23770,50120,5147
2002,Louisiana,16480,47210,5213
2002,Maine,7420,48600,2363
2002,Maryland,90000,65210,15981
2002,Massachusetts,103340,66130,25540
2002,Michigan,77560,56670,19970
2002,Minnesota,69140,58660,18056
2002,Mississippi,8450,41490,1640
2002,Missouri,54050,55170,13030
2002,Montana,4700,43070,1500
2002,Nebraska,20280,51450,4097
2002,Nevada,10150,47780,3416
2002,New Hampshire,11800,55250,4355
2002,New Jersey,115990,66410,21623
2002,New Mexico,12290,53050,1840
2002,New York,169750,62390,47502
2002,North Carolina,75140,58200,15818
2002,North Dakota,4030,40590,1438
2002,Ohio,94370,55080,26169
2002,Oklahoma,22110,44080,4926
2002,Oregon,32630,55610,9388
2002,Pennsylvania,103960,54540,26918
2002,Rhode Island,9300,56390,2379
2002,South Carolina,19970,45590,5615
2002,South Dakota,5110,38330,1132
2002,Tennessee,36000,49170,9466
2002,Texas,209500,57370,44284
2002,Utah,25210,49560,6489
2002,Vermont,5220,51650,1909
2002,Virginia,139860,60270,22276
2002,Washington,83870,63640,16285
2002,West Virginia,7280,43320,1047
2002,Wisconsin,44760,52640,15583
2002,Wyoming,1860,38470,623
2003,Alabama,29600,56170,6305
2003,Alaska,3270,54740,1148
2003,Arizona,44630,53950,12780
2003,Arkansas,13080,44130,3072
2003,California,386420,69290,107064
2003,Colorado,75260,65710,18640
2003,Connecticut,43480,63870,11556
2003,Delaware,9480,65160,2234
2003,District of Columbia,28730,68690,8728
2003,Florida,134370,52810,40415
2003,Georgia,97970,58060,24644
2003,Hawaii,7170,55650,1759
2003,Idaho,9020,47980,2611
2003,Illinois,124450,59870,39906
2003,Indiana,37030,50790,14613
2003,Iowa,21710,51240,6981
2003,Kansas,27080,57050,7394
2003,Kentucky,24500,50900,6137
2003,Louisiana,17480,46500,6211
2003,Maine,7050,49850,2834
2003,Maryland,92310,67140,19277
2003,Massachusetts,104540,68170,30735
2003,Michigan,76490,57810,23797
2003,Minnesota,68100,60960,21548
2003,Mississippi,9120,40520,1950
2003,Missouri,55980,55980,15522
2003,Montana,4830,43460,1791
2003,Nebraska,19520,53280,4867
2003,Nevada,10580,48530,4181
2003,New Hampshire,12080,57130,5219
2003,New Jersey,116940,66670,25992
2003,New Mexico,12470,54360,2196
2003,New York,176500,64500,57022
2003,North Carolina,74760,58830,19051
2003,North Dakota,4460,43810,1695
2003,Ohio,95090,55930,31155
2003,Oklahoma,21560,45760,5889
2003,Oregon,32990,54780,11259
2003,Pennsylvania,105530,55000,32179
2003,Rhode Island,10360,57630,2828
2003,South Carolina,20480,45800,6723
2003,South Dakota,5100,38630,1343
2003,Tennessee,36920,51530,11312
2003,Texas,201480,59640,53469
2003,Utah,25950,49940,7865
2003,Vermont,5270,52750,2268
2003,Virginia,145540,61990,27079
2003,Washington,84240,64610,19595
2003,West Virginia,7650,44780,1252
2003,Wisconsin,46520,54010,18462
2003,Wyoming,1870,38870,744
2004,Alabama,29310,56570,7369
2004,Alaska,3500,57120,1339
2004,Arizona,47510,56050,15113
2004,Arkansas,13270,42730,3583
2004,California,382290,71200,126930
2004,Colorado,76390,68220,22145
2004,Connecticut,46290,66670,13500
2004,Delaware,10570,65930,2643
2004,District of Columbia,29840,70970,10242
2004,Florida,144050,54360,47913
2004,Georgia,97040,60560,29122
2004,Hawaii,7850,56100,2064
2004,Idaho,9770,50460,3054
2004,Illinois,132780,62950,46780
2004,Indiana,38880,51010,17066
2004,Iowa,23760,52210,8089
2004,Kansas,27030,58520,8620
2004,Kentucky,24490,50610,7161
2004,Louisiana,18960,47920,7247
2004,Maine,7240,49820,3321
2004,Maryland,97700,70090,22789
2004,Massachusetts,106690,73880,36171
2004,Michigan,80730,59850,27769
2004,Minnesota,70250,63780,25152
2004,Mississippi,9060,41980,2270
2004,Missouri,57920,57710,18119
2004,Montana,4810,43400,2088
2004,Nebraska,20220,54020,5671
2004,Nevada,11740,50120,4988
2004,New Hampshire,13380,63650,6116
2004,New Jersey,117780,69800,30581
2004,New Mexico,12410,57120,2566
2004,New York,174460,66030,67031
2004,North Carolina,79210,60500,22462
2004,North Dakota,4380,44970,1961
2004,Ohio,96370,58020,36328
2004,Oklahoma,22360,48460,6900
2004,Oregon,33710,57220,13239
2004,Pennsylvania,106630,58980,37651
2004,Rhode Island,11050,59930,3292
2004,South Carolina,21880,47690,7883
2004,South Dakota,5230,42030,1570
2004,Tennessee,38290,53360,13235
2004,Texas,215690,61750,63182
2004,Utah,25990,54220,9329
2004,Vermont,6300,54440,2638
2004,Virginia,157510,67130,32181
2004,Washington,85630,69740,23073
2004,West Virginia,7310,44710,1464
2004,Wisconsin,48020,55840,21431
2004,Wyoming,1780,41680,870
2005,Alabama,31740,56990,8486
2005,Alaska,3950,58150,1537
2005,Arizona,49410,56890,17589
2005,Arkansas,13940,45280,4112
2005,California,384580,72920,148139
2005,Colorado,74550,69050,25878
2005,Connecticut,47810,68240,15523
2005,Delaware,10380,61450,3079
2005,District of Columbia,32050,69910,11804
2005,Florida,146410,54570,55855
2005,Georgia,93520,60790,33845
2005,Hawaii,8120,56850,2381
2005,Idaho,10240,52100,3519
2005,Illinois,133250,64070,53994
2005,Indiana,37200,52120,19625
2005,Iowa,23550,54690,9225
2005,Kansas,26780,59490,9888
2005,Kentucky,23760,51590,8219
2005,Louisiana,19240,47580,8319
2005,Maine,7610,52170,3824
2005,Maryland,94320,71070,26474
2005,Massachusetts,110190,75760,41873
2005,Michigan,86990,60780,31888
2005,Minnesota,69540,65110,28897
2005,Mississippi,9250,44310,2599
2005,Missouri,58150,59820,20808
2005,Montana,5040,44190,2400
2005,Nebraska,20250,55230,6499
2005,Nevada,11460,52360,5834
2005,New Hampshire,15610,63320,7040
2005,New Jersey,117820,72660,35423
2005,New Mexico,11150,54850,2949
2005,New York,185330,67610,77614
2005,North Carolina,78020,61180,26020
2005,North Dakota,4800,43970,2230
2005,Ohio,100340,59920,41674
2005,Oklahoma,22850,48550,7956
2005,Oregon,33540,58040,15313
2005,Pennsylvania,107580,60330,43346
2005,Rhode Island,9750,63970,3765
2005,South Carolina,22600,49980,9095
2005,South Dakota,4800,42020,1800
2005,Tennessee,38100,54200,15249
2005,Texas,213500,63420,73523
2005,Utah,27530,56160,10896
2005,Vermont,6200,53500,3018
2005,Virginia,166640,70490,37649
2005,Washington,88480,71470,26769
2005,West Virginia,6780,47220,1682
2005,Wisconsin,46120,55870,24488
2005,Wyoming,1930,42170,1001
2006,Alabama,33590,60000,9650
2006,Alaska,3930,60630,1740
2006,Arizona,51500,58830,20204
2006,Arkansas,14430,48180,4668
2006,California,391960,74950,170787
2006,Colorado,77980,69690,29834
2006,Connecticut,46360,70340,17614
2006,Delaware,12560,69060,3552
2006,District of Columbia,33710,73130,13427
2006,Florida,149660,56740,64283
2006,Georgia,92900,62680,38831
2006,Hawaii,8500,58410,2710
2006,Idaho,10760,52090,4016
2006,Illinois,136450,66680,61497
2006,Indiana,38660,55280,22286
2006,Iowa,26130,56350,10386
2006,Kansas,24870,57950,11180
2006,Kentucky,23970,52720,9309
2006,Louisiana,17590,49430,9419
2006,Maine,8010,54150,4345
2006,Maryland,96090,74310,30338
2006,Massachusetts,113890,77480,47872
2006,Michigan,94090,62990,36148
2006,Minnesota,74630,66310,32751
2006,Mississippi,8960,48370,2936
2006,Missouri,62880,60710,23585
2006,Montana,6000,46120,2717
2006,Nebraska,21240,56920,7362
2006,Nevada,13260,55720,6747
2006,New Hampshire,16620,64930,8007
2006,New Jersey,119890,75230,40527
2006,New Mexico,11790,57310,3349
2006,New York,193190,70270,88777
2006,North Carolina,82190,63890,29765
2006,North Dakota,4760,44600,2509
2006,Ohio,104110,61950,47208
2006,Oklahoma,26760,48540,9044
2006,Oregon,35180,62450,17491
2006,Pennsylvania,114090,60730,49260
2006,Rhode Island,9770,65930,4253
2006,South Carolina,24280,54620,10365
2006,South Dakota,5290,45040,2037
2006,Tennessee,38100,55310,17333
2006,Texas,231420,64980,84421
2006,Utah,30680,58130,12547
2006,Vermont,6100,54640,3418
2006,Virginia,176240,76110,43434
2006,Washington,93500,74220,30692
2006,West Virginia,7330,48820,1905
2006,Wisconsin,48250,57300,27637
2006,Wyoming,2070,44710,1143
2007,Alabama,33790,63190,10870
2007,Alaska,3850,62660,1952
2007,Arizona,56630,61940,22968
2007,Arkansas,16910,51540,5240
2007,California,394840,77330,194991
2007,Colorado,81700,74330,34028
2007,Connecticut,47330,73810,19806
2007,Delaware,12630,70620,4052
2007,District of Columbia,34320,76150,15118
2007,Florida,148310,58590,73247
2007,Georgia,89910,65410,44115
2007,Hawaii,8190,60990,3047
2007,Idaho,11470,53730,4543
2007,Illinois,142820,70870,69283
2007,Indiana,41600,58320,25048
2007,Iowa,27660,59720,11587
2007,Kansas,26760,59740,12513
2007,Kentucky,26890,56330,10437
2007,Louisiana,16390,50770,10566
2007,Maine,8070,57170,4886
2007,Maryland,95160,78740,34401
2007,Massachusetts,116270,80620,54179
2007,Michigan,93350,65260,40570
2007,Minnesota,77660,69390,36717
2007,Mississippi,9460,49870,3282
2007,Missouri,62860,62150,26456
2007,Montana,5470,47630,3045
2007,Nebraska,21290,60490,8251
2007,Nevada,13210,59870,7733
2007,New Hampshire,17070,66390,9015
2007,New Jersey,125620,78610,45895
2007,New Mexico,12060,62490,3762
2007,New York,208970,73530,100574
2007,North Carolina,84800,67570,33704
2007,North Dakota,5110,42240,2796
2007,Ohio,115260,64790,52935
2007,Oklahoma,28420,49230,10164
2007,Oregon,36280,65610,19785
2007,Pennsylvania,119900,62700,55427
2007,Rhode Island,10220,71310,4757
2007,South Carolina,26130,56770,11706
2007,South Dakota,6170,47370,2280
2007,Tennessee,39680,57940,19493
2007,Texas,253170,68060,95945
2007,Utah,31990,62770,14305
2007,Vermont,5750,57180,3827
2007,Virginia,178180,80190,49546
2007,Washington,102970,77460,34851
2007,West Virginia,7040,51220,2149
2007,Wisconsin,49750,59180,30890
2007,Wyoming,2040,47420,1291
2008,Alabama,34460,64770,12160
2008,Alaska,4320,63470,2169
2008,Arizona,57490,64830,25916
2008,Arkansas,19480,54480,5837
2008,California,412680,80340,220979
2008,Colorado,86370,77140,38471
2008,Connecticut,46410,75970,22090
2008,Delaware,12400,74010,4582
2008,District of Columbia,34200,80800,16885
2008,Florida,155740,60520,82775
2008,Georgia,95080,69260,49754
2008,Hawaii,8310,62540,3401
2008,Idaho,12160,52710,5096
2008,Illinois,144720,72000,77424
2008,Indiana,45020,59990,27923
2008,Iowa,28370,60950,12825
2008,Kansas,29090,60620,13895
2008,Kentucky,28440,56050,11599
2008,Louisiana,17100,51400,11761
2008,Maine,8390,56940,5455
2008,Maryland,97030,81010,38654
2008,Massachusetts,121680,83640,60797
2008,Michigan,92520,66350,45169
2008,Minnesota,81800,72490,40836
2008,Mississippi,10010,50070,3645
2008,Missouri,68170,64190,29412
2008,Montana,5640,49080,3387
2008,Nebraska,20980,62080,9161
2008,Nevada,14110,60510,8786
2008,New Hampshire,17910,71820,10064
2008,New Jersey,135050,80370,51524
2008,New Mexico,12510,63100,4195
2008,New York,209490,74130,113026
2008,North Carolina,91000,69650,37854
2008,North Dakota,4900,45740,3092
2008,Ohio,120180,66330,58868
2008,Oklahoma,26620,53160,11324
2008,Oregon,38080,67990,22167
2008,Pennsylvania,123330,65480,61870
2008,Rhode Island,10270,72560,5285
2008,South Carolina,28920,57680,13107
2008,South Dakota,6250,49520,2528
2008,Tennessee,39620,58410,21754
2008,Texas,266100,69830,108184
2008,Utah,33040,63130,16197
2008,Vermont,5620,59190,4258
2008,Virginia,178720,83290,56044
2008,Washington,106950,81290,39281
2008,West Virginia,7490,50150,2401
2008,Wisconsin,51820,61880,34228
2008,Wyoming,2210,51080,1446
2009,Alabama,34180,66970,13511
2009,Alaska,4630,65060,2398
2009,Arizona,57820,66720,29077
2009,Arkansas,21020,54550,6459
2009,California,415200,83390,249133
2009,Colorado,88120,79720,43243
2009,Connecticut,43930,78430,24461
2009,Delaware,11790,75300,5169
2009,District of Columbia,33450,84300,18739
2009,Florida,154030,61290,93017
2009,Georgia,95170,70760,55738
2009,Hawaii,8020,64410,3781
2009,Idaho,13050,51130,5694
2009,Illinois,142290,72380,85995
2009,Indiana,45890,60290,30950
2009,Iowa,27190,61870,14096
2009,Kansas,30370,62070,15329
2009,Kentucky,27450,57190,12811
2009,Louisiana,16960,53110,13019
2009,Maine,9020,58220,6051
2009,Maryland,98460,82830,43139
2009,Massachusetts,122810,86000,67817
2009,Michigan,83170,66830,49986
2009,Minnesota,82290,73540,45143
2009,Mississippi,9670,50820,4032
2009,Missouri,67760,65650,32473
2009,Montana,5820,49340,3750
2009,Nebraska,20440,63920,10111
2009,Nevada,14170,62380,9935
2009,New Hampshire,19220,74550,11163
2009,New Jersey,135520,81580,57435
2009,New Mexico,13810,64270,4656
2009,New York,202670,74060,126351
2009,North Carolina,94810,71720,42263
2009,North Dakota,5150,49290,3397
2009,Ohio,123580,67640,65050
2009,Oklahoma,24300,54200,12542
2009,Oregon,36820,68910,24695
2009,Pennsylvania,123240,68760,68599
2009,Rhode Island,10170,72640,5841
2009,South Carolina,26700,57620,14577
2009,South Dakota,5900,49730,2784
2009,Tennessee,38970,59800,24137
2009,Texas,265030,72690,121300
2009,Utah,32190,64280,18237
2009,Vermont,5990,60580,4709
2009,Virginia,181120,85150,62939
2009,Washington,111960,83260,44021
2009,West Virginia,7620,52750,2662
2009,Wisconsin,52570,62980,37673
2009,Wyoming,2200,52500,1613
2010,Alabama,35610,68060,14931
2010,Alaska,4980,67080,2629
2010,Arizona,60090,69090,32430
2010,Arkansas,19560,54820,7111
2010,California,420630,84570,279796
2010,Colorado,86510,79330,48324
2010,Connecticut,42420,77520,26940
2010,Delaware,12080,75690,5813
2010,District of Columbia,33180,86130,20691
2010,Florida,154080,63420,103981
2010,Georgia,97140,70830,62055
2010,Hawaii,8390,65830,4181
2010,Idaho,13640,56770,6317
2010,Illinois,127260,71990,95051
2010,Indiana,46930,61350,34132
2010,Iowa,26800,61690,15413
2010,Kansas,27620,62520,16818
2010,Kentucky,26740,58560,14092
2010,Louisiana,18060,54810,14354
2010,Maine,9060,59200,6667
2010,Maryland,100170,83320,47835
2010,Massachusetts,125010,85730,75302
2010,Michigan,81030,66810,55014
2010,Minnesota,80690,73850,49629
2010,Mississippi,8560,50260,4438
2010,Missouri,70530,67370,35683
2010,Montana,6110,50460,4133
2010,Nebraska,22000,63670,11099
2010,Nevada,14100,62840,11212
2010,New Hampshire,17980,74810,12319
2010,New Jersey,130650,82470,63634
2010,New Mexico,13480,67970,5151
2010,New York,202690,75040,140657
2010,North Carolina,93110,73920,46926
2010,North Dakota,6290,51010,3713
2010,Ohio,119540,67960,71492
2010,Oklahoma,22180,55340,13801
2010,Oregon,36810,70620,27371
2010,Pennsylvania,120720,69990,75630
2010,Rhode Island,10700,72500,6430
2010,South Carolina,26430,58290,16119
2010,South Dakota,5670,50860,3048
2010,Tennessee,39660,61230,26675
2010,Texas,263130,73590,135301
2010,Utah,32100,63060,20424
2010,Vermont,6560,62680,5178
2010,Virginia,181260,86240,70227
2010,Washington,108130,84110,49111
2010,West Virginia,8350,54020,2937
2010,Wisconsin,57310,64480,41236
2010,Wyoming,2210,54220,1788
2011,Alabama,36860,68030,16411
2011,Alaska,5120,68940,2862
2011,Arizona,66420,70900,35952
2011,Arkansas,19380,58270,7791
2011,California,447600,87820,313026
2011,Colorado,88030,79020,53716
2011,Connecticut,41910,79120,29509
2011,Delaware,12710,76840,6507
2011,District of Columbia,33470,89850,22763
2011,Florida,155170,65460,115601
2011,Georgia,99790,71360,68712
2011,Hawaii,9030,69430,4604
2011,Idaho,13430,57110,6971
2011,Illinois,128460,73400,104529
2011,Indiana,47210,63380,37436
2011,Iowa,28520,63190,16764
2011,Kansas,28500,65000,18369
2011,Kentucky,28170,59530,15425
2011,Louisiana,18020,57140,15738
2011,Maine,8520,61270,7305
2011,Maryland,104620,84350,52722
2011,Massachusetts,130110,86660,83163
2011,Michigan,84210,65870,60188
2011,Minnesota,81240,73760,54258
2011,Mississippi,8800,52770,4864
2011,Missouri,73210,68750,39025
2011,Montana,6470,52230,4530
2011,Nebraska,23550,65470,12121
2011,Nevada,14920,63130,12595
2011,New Hampshire,17670,75630,13520
2011,New Jersey,126930,82150,70086
2011,New Mexico,14200,68840,5661
2011,New York,208670,77070,155964
2011,North Carolina,95130,74630,51803
2011,North Dakota,6580,52470,4038
2011,Ohio,125100,68510,78150
2011,Oklahoma,22570,56000,15103
2011,Oregon,39050,69650,30195
2011,Pennsylvania,125150,71020,82951
2011,Rhode Island,11390,74650,7040
2011,South Carolina,29030,60100,17723
2011,South Dakota,6130,52770,3322
2011,Tennessee,43470,63680,29322
2011,Texas,273170,75290,150104
2011,Utah,32410,66050,22754
2011,Vermont,6840,61170,5662
2011,Virginia,190030,89040,77897
2011,Washington,119420,85900,54513
2011,West Virginia,9410,55390,3222
2011,Wisconsin,58600,65110,44901
2011,Wyoming,2290,55570,1971
2012,Alabama,38150,68920,17949
2012,Alaska,5250,69880,3102
2012,Arizona,70950,71980,39659
2012,Arkansas,19100,60740,8498
2012,California,471890,88290,349133
2012,Colorado,90870,80350,59433
2012,Connecticut,44480,79860,32149
2012,Delaware,13690,79680,7258
2012,District of Columbia,34280,92010,24953
2012,Florida,161070,67330,127870
2012,Georgia,103780,72410,75697
2012,Hawaii,9330,68900,5049
2012,Idaho,11630,63380,7661
2012,Illinois,145460,75420,114409
2012,Indiana,47610,64880,40868
2012,Iowa,30460,65120,18154
2012,Kansas,28970,66940,19958
2012,Kentucky,28210,58470,16810
2012,Louisiana,19920,57960,17189
2012,Maine,9080,62360,7965
2012,Maryland,108250,86820,57819
2012,Massachusetts,138710,86770,91402
2012,Michigan,93830,66980,65547
2012,Minnesota,83090,75120,59031
2012,Mississippi,9730,54990,5312
2012,Missouri,76620,69790,42497
2012,Montana,6460,52160,4943
2012,Nebraska,24850,67140,13181
2012,Nevada,14990,65170,14077
2012,New Hampshire,17570,74530,14763
2012,New Jersey,124780,84180,76824
2012,New Mexico,14440,69010,6185
2012,New York,216150,79060,172351
2012,North Carolina,102330,75740,56920
2012,North Dakota,7000,54540,4376
2012,Ohio,128740,69250,85027
2012,Oklahoma,23650,56410,16456
2012,Oregon,41610,71220,33146
2012,Pennsylvania,132810,71940,90545
2012,Rhode Island,12150,77720,7669
2012,South Carolina,30040,60670,19389
2012,South Dakota,6200,52590,3602
2012,Tennessee,43550,65810,32106
2012,Texas,292370,74680,165781
2012,Utah,34700,68390,25212
2012,Vermont,6790,63250,6164
2012,Virginia,199040,90240,85971
2012,Washington,131130,88090,60237
2012,West Virginia,9820,56720,3524
2012,Wisconsin,60030,66380,48682
2012,Wyoming,2620,55790,2166
2013,Alabama,40350,71100,19530
2013,Alaska,5240,71250,3342
2013,Arizona,76040,74190,43549
2013,Arkansas,20410,61840,9229
2013,California,486470,91420,388032
2013,Colorado,91820,82000,65448
2013,Connecticut,44920,81750,34870
2013,Delaware,12850,80360,8080
2013,District of Columbia,35000,93900,27262
2013,Florida,164480,67120,140772
2013,Georgia,114220,74960,82994
2013,Hawaii,9460,69330,5516
2013,Idaho,11520,61090,8373
2013,Illinois,156770,76680,124627
2013,Indiana,49530,65210,44426
2013,Iowa,31650,67250,19578
2013,Kansas,30140,66770,21606
2013,Kentucky,28930,59330,18246
2013,Louisiana,19410,58990,18677
2013,Maine,9620,62220,8646
2013,Maryland,114480,89010,63132
2013,Massachusetts,134530,88100,100038
2013,Michigan,98570,67970,71039
2013,Minnesota,84520,75860,63949
2013,Mississippi,10490,57680,5777
2013,Missouri,74310,70430,46088
2013,Montana,6950,53280,5376
2013,Nebraska,25610,67730,14285
2013,Nevada,15750,69110,15660
2013,New Hampshire,17370,75500,16052
2013,New Jersey,128820,86210,83821
2013,New Mexico,13990,67180,6733
2013,New York,217620,81050,189788
2013,North Carolina,106570,76730,62254
2013,North Dakota,6010,56080,4727
2013,Ohio,130630,70830,92111
2013,Oklahoma,25380,58890,17859
2013,Oregon,43710,71850,36235
2013,Pennsylvania,138640,72210,98376
2013,Rhode Island,12820,77410,8317
2013,South Carolina,32170,60990,21126
2013,South Dakota,6610,53580,3891
2013,Tennessee,46120,65810,34999
2013,Texas,310440,76130,182229
2013,Utah,35940,70190,27828
2013,Vermont,6350,63450,6673
2013,Virginia,198700,92290,94423
2013,Washington,140120,96920,66283
2013,West Virginia,9220,56980,3823
2013,Wisconsin,62150,67190,52559
2013,Wyoming,2750,56200,2374
2014,Alabama,39420,73340,21159
2014,Alaska,5030,72740,3588
2014,Arizona,82500,74580,47595
2014,Arkansas,21420,63390,9991
2014,California,514330,94910,429807
2014,Colorado,96120,85320,71775
2014,Connecticut,46180,83680,37672
2014,Delaware,13570,85350,8991
2014,District of Columbia,37270,96380,29687
2014,Florida,172340,68370,154349
2014,Georgia,121210,76260,90631
2014,Hawaii,8980,70660,5997
2014,Idaho,12190,60470,9118
2014,Illinois,166350,77860,135225
2014,Indiana,51590,65860,48097
2014,Iowa,31510,69260,21051
2014,Kansas,32240,66520,23303
2014,Kentucky,30090,60610,19729
2014,Louisiana,20400,57850,20204
2014,Maine,10260,64020,9352
2014,Maryland,117040,91770,68632
2014,Massachusetts,134620,91090,109098
2014,Michigan,101050,70170,76729
2014,Minnesota,91560,77880,68997
2014,Mississippi,10610,59540,6256
2014,Missouri,74590,72650,49782
2014,Montana,7310,54970,5821
2014,Nebraska,25100,67910,15415
2014,Nevada,16140,71320,17336
2014,New Hampshire,17520,76250,17376
2014,New Jersey,134440,87590,91058
2014,New Mexico,14890,69450,7304
2014,New York,223570,82350,208318
2014,North Carolina,111160,77910,67812
2014,North Dakota,6380,58050,5087
2014,Ohio,129120,72130,99402
2014,Oklahoma,27740,59340,19313
2014,Oregon,45460,73940,39430
2014,Pennsylvania,143230,72830,106427
2014,Rhode Island,13420,78680,8991
2014,South Carolina,34270,62430,22921
2014,South Dakota,6830,55510,4187
2014,Tennessee,46550,67130,38000
2014,Texas,332970,77290,199462
2014,Utah,38440,70260,30585
2014,Vermont,6560,65740,7190
2014,Virginia,195470,92220,103209
2014,Washington,136530,99410,72647
2014,West Virginia,9830,60230,4133
2014,Wisconsin,66030,67320,56550
2014,Wyoming,2730,56850,2597
2015,Alabama,38260,74870,22839
2015,Alaska,5210,76460,3837
2015,Arizona,88800,77210,51788
2015,Arkansas,22930,64320,10752
2015,California,548800,98840,474143
2015,Colorado,97840,88340,78376
2015,Connecticut,46970,84670,40536
2015,Delaware,15030,88110,9997
2015,District of Columbia,39020,100230,32214
2015,Florida,184270,68980,168505
2015,Georgia,129850,77530,98560
2015,Hawaii,9170,72700,6495
2015,Idaho,13620,63780,9885
2015,Illinois,169580,80170,146171
2015,Indiana,52500,66300,51868
2015,Iowa,31380,69910,22558
2015,Kansas,35390,66900,25044
2015,Kentucky,30700,64290,21250
2015,Louisiana,20520,57850,21774
2015,Maine,10870,65990,10078
2015,Maryland,120360,92550,74324
2015,Massachusetts,134790,92380,118537
2015,Michigan,102330,71640,82551
2015,Minnesota,94470,80340,74177
2015,Mississippi,10630,60440,6720
2015,Missouri,77310,75400,53597
2015,Montana,7850,56280,6286
2015,Nebraska,26770,69330,16571
2015,Nevada,17100,71010,19103
2015,New Hampshire,18380,79820,18739
2015,New Jersey,136570,89160,98485
2015,New Mexico,14760,70610,7899
2015,New York,239300,84260,227756
2015,North Carolina,116390,79840,73564
2015,North Dakota,6460,59350,5459
2015,Ohio,136170,73850,106891
2015,Oklahoma,29660,60580,20814
2015,Oregon,48740,77770,42725
2015,Pennsylvania,149780,74490,114691
2015,Rhode Island,13890,80240,9684
2015,South Carolina,36240,64280,24781
2015,South Dakota,7220,57710,4491
2015,Tennessee,48110,65770,41121
2015,Texas,353760,80360,217438
2015,Utah,40500,70760,33473
2015,Vermont,6800,68430,7712
2015,Virginia,195140,94200,112313
2015,Washington,143270,102190,79316
2015,West Virginia,9740,61390,4452
2015,Wisconsin,69390,68700,60614
2015,Wyoming,2650,58270,2845
2016,Alabama,38600,75630,24569
2016,Alaska,5050,77220,4060
2016,Arizona,93410,76480,56115
2016,Arkansas,23700,64830,11532
2016,California,580040,99180,520595
2016,Colorado,104170,91470,85212
2016,Connecticut,49220,86680,43454
2016,Delaware,16200,91670,11094
2016,District of Columbia,41390,104000,34826
2016,Florida,193670,69840,183120
2016,Georgia,138140,80990,106713
2016,Hawaii,9300,74620,6714
2016,Idaho,14050,63840,10682
2016,Illinois,177360,82320,157421
2016,Indiana,56060,68130,55730
2016,Iowa,32810,71330,24099
2016,Kansas,36910,67990,26814
2016,Kentucky,30240,65160,22811
2016,Louisiana,20860,57660,23371
2016,Maine,11620,68410,10826
2016,Maryland,123660,94060,80153
2016,Massachusetts,142740,93170,128271
2016,Michigan,104780,73580,88511
2016,Minnesota,97680,81640,79463
2016,Mississippi,11300,60560,7193
2016,Missouri,82100,75470,57509
2016,Montana,7250,58770,6487
2016,Nebraska,28000,71510,17761
2016,Nevada,18050,70300,20951
2016,New Hampshire,18510,80900,19448
2016,New Jersey,140840,90280,106081
2016,New Mexico,15350,72220,8509
2016,New York,245150,85290,247903
2016,North Carolina,125030,81790,79512
2016,North Dakota,7340,63640,5553
2016,Ohio,140110,75700,114520
2016,Oklahoma,30210,63450,22353
2016,Oregon,50900,78460,46117
2016,Pennsylvania,154710,76560,123143
2016,Rhode Island,14270,84110,10395
2016,South Carolina,37660,66270,26695
2016,South Dakota,7830,59550,4779
2016,Tennessee,51340,67990,44331
2016,Texas,350160,82690,236055
2016,Utah,44830,73370,36483
2016,Vermont,7060,70810,8249
2016,Virginia,198560,95780,121658
2016,Washington,148670,102080,86288
2016,West Virginia,10650,62380,4782
2016,Wisconsin,74950,70030,64739
2016,Wyoming,2650,58570,3111
2017,Alabama,39760,77590,26335
2017,Alaska,5450,76800,4275
2017,Arizona,93490,79550,60563
2017,Arkansas,23850,64850,12331
2017,California,590550,100480,568902
2017,Colorado,109450,92520,92291
2017,Connecticut,49630,88330,46429
2017,Delaware,17560,90040,12263
2017,District of Columbia,42910,106240,37527
2017,Florida,198940,71670,198167
2017,Georgia,140520,81930,115080
2017,Hawaii,9960,77450,6837
2017,Idaho,14110,66290,11504
2017,Illinois,172680,83470,168920
2017,Indiana,57410,69080,59692
2017,Iowa,35150,74000,25624
2017,Kansas,35900,69460,28612
2017,Kentucky,31120,65270,23436
2017,Louisiana,20000,58510,24843
2017,Maine,11370,69910,11099
2017,Maryland,124630,95840,86060
2017,Massachusetts,142010,92400,138254
2017,Michigan,111400,75670,94579
2017,Minnesota,94290,82620,84837
2017,Mississippi,11810,61900,7359
2017,Missouri,84520,76030,61514
2017,Montana,8150,59070,6680
2017,Nebraska,30240,73820,18145
2017,Nevada,19410,72260,22759
2017,New Hampshire,19140,82050,20122
2017,New Jersey,139640,94830,113811
2017,New Mexico,14750,72670,9088
2017,New York,259090,87930,268688
2017,North Carolina,129080,84120,85645
2017,North Dakota,7420,62770,5653
2017,Ohio,148050,76730,122312
2017,Oklahoma,31440,64980,23863
2017,Oregon,53060,82940,49599
2017,Pennsylvania,158660,78580,131741
2017,Rhode Island,14490,83280,11088
2017,South Carolina,39530,68200,28657
2017,South Dakota,8040,60090,5046
2017,Tennessee,54730,70140,47624
2017,Texas,353460,85020,255274
2017,Utah,48640,75810,39609
2017,Vermont,7280,69250,8774
2017,Virginia,201680,97390,131188
2017,Washington,157400,104360,93462
2017,West Virginia,10880,63210,5061
2017,Wisconsin,76080,71680,68804
2017,Wyoming,2660,60380,3245
2018,Alabama,41560,79020,26767
2018,Alaska,5280,77000,4279
2018,Arizona,94060,79130,62909
2018,Arkansas,23160,63450,12571
2018,California,616270,103310,617678
2018,Colorado,116930,93730,95205
2018,Connecticut,48420,88710,49091
2018,Delaware,17120,90240,13014
2018,District of Columbia,42120,107780,39837
2018,Florida,206930,73520,206140
2018,Georgia,148690,84720,123135
2018,Hawaii,10030,78220,6855
2018,Idaho,14610,66900,11701
2018,Illinois,177530,84540,179628
2018,Indiana,59060,70990,62972
2018,Iowa,36530,76030,26976
2018,Kansas,34560,68750,29117
2018,Kentucky,32450,66760,23871
2018,Louisiana,20480,61530,25254
2018,Maine,12270,72920,11321
2018,Maryland,128230,97860,88127
2018,Massachusetts,141450,94680,148303
2018,Michigan,112890,76020,96634
2018,Minnesota,96020,83740,89630
2018,Mississippi,12380,63700,7409
2018,Missouri,88360,75590,65412
2018,Montana,8660,60390,6835
2018,Nebraska,30550,75420,18418
2018,Nevada,20150,73630,24428
2018,New Hampshire,21660,89070,20683
2018,New Jersey,144240,96480,120780
2018,New Mexico,15520,73720,9260
2018,New York,264620,90060,288746
2018,North Carolina,135130,84680,91822
2018,North Dakota,8050,64820,5713
2018,Ohio,150790,77940,129912
2018,Oklahoma,30540,67240,24378
2018,Oregon,53550,82510,50910
2018,Pennsylvania,158420,80360,139448
2018,Rhode Island,13680,84970,11247
2018,South Carolina,39740,69640,30305
2018,South Dakota,8160,61820,5263
2018,Tennessee,56460,71080,50839
2018,Texas,364120,86340,273941
2018,Utah,52430,76940,42671
2018,Vermont,7280,70180,8819
2018,Virginia,206750,98810,140484
2018,Washington,164830,106350,99729
2018,West Virginia,11010,64460,5094
2018,Wisconsin,77540,73690,72893
2018,Wyoming,3030,62440,3359
2019,Alabama,44070,79500,
2019,Alaska,5050,76940,
2019,Arizona,97920,82510,
2019,Arkansas,22330,65970,
2019,California,644300,106850,
2019,Colorado,123040,94880,
2019,Connecticut,48650,90270,
2019,Delaware,15530,90570,
2019,District of Columbia,43810,110350,
2019,Florida,217000,75590,
2019,Georgia,154890,86000,
2019,Hawaii,10890,79040,
2019,Idaho,16060,69500,
2019,Illinois,184990,87140,
2019,Indiana,62720,73400,
2019,Iowa,38370,77950,
2019,Kansas,36140,71570,
2019,Kentucky,34220,67810,
2019,Louisiana,20230,63190,
2019,Maine,12380,74550,
2019,Maryland,133600,99750,
2019,Massachusetts,147070,96570,
2019,Michigan,111930,76980,
2019,Minnesota,97960,87920,
2019,Mississippi,13100,64560,
2019,Missouri,88190,77120,
2019,Montana,8560,62780,
2019,Nebraska,30740,76510,
2019,Nevada,21770,73220,
2019,New Hampshire,22920,90510,
2019,New Jersey,143860,98620,
2019,New Mexico,16280,72440,
2019,New York,272070,92410,
2019,North Carolina,143990,86010,
2019,North Dakota,7240,63830,
2019,Ohio,155290,78880,
2019,Oklahoma,31950,68190,
2019,Oregon,54320,85380,
2019,Pennsylvania,162020,81830,
2019,Rhode Island,14510,85610,
2019,South Carolina,43570,71190,
2019,South Dakota,8430,62450,
2019,Tennessee,58850,70630,
2019,Texas,385370,86990,
2019,Utah,57360,77480,
2019,Vermont,6760,69380,
2019,Virginia,215480,99170,
2019,Washington,173940,114780,
2019,West Virginia,11450,65210,
2019,Wisconsin,78540,75650,
2019,Wyoming,3170,62420,
2020,Alabama,45070,81250,
2020,Alaska,5000,81800,
2020,Arizona,100420,83730,
2020,Arkansas,23120,69800,
2020,California,640210,112030,
2020,Colorado,126070,96700,
2020,Connecticut,48200,91600,
2020,Delaware,15390,96520,
2020,District of Columbia,44720,113930,
2020,Florida,220900,76760,
2020,Georgia,152220,89340,
2020,Hawaii,10920,80480,
2020,Idaho,16240,70420,
2020,Illinois,180190,90930,
2020,Indiana,63090,74560,
2020,Iowa,38180,79470,
2020,Kansas,38830,73570,
2020,Kentucky,35750,70870,
2020,Louisiana,20000,68000,
2020,Maine,12140,75900,
2020,Maryland,133060,102780,
2020,Massachusetts,147710,101440,
2020,Michigan,107560,78660,
2020,Minnesota,98240,91510,
2020,Mississippi,13190,65190,
2020,Missouri,86120,78630,
2020,Montana,8370,65430,
2020,Nebraska,30240,78270,
2020,Nevada,21370,74080,
2020,New Hampshire,22800,91110,
2020,New Jersey,138410,100240,
2020,New Mexico,16920,74650,
2020,New York,265840,95480,
2020,North Carolina,150840,88050,
2020,North Dakota,6240,68960,
2020,Ohio,153500,81520,
2020,Oklahoma,32100,71070,
2020,Oregon,54210,88580,
2020,Pennsylvania,160390,83110,
2020,Rhode Island,14330,87010,
2020,South Carolina,43330,72270,
2020,South Dakota,8720,66100,
2020,Tennessee,64130,72470,
2020,Texas,396060,90130,
2020,Utah,57530,78670,
2020,Vermont,6510,72590,
2020,Virginia,218360,102840,
2020,Washington,200650,122470,
2020,West Virginia,11760,66280,
2020,Wisconsin,79490,78040,
2020,Wyoming,3080,62310,
2021,Alabama,46460,79880,
2021,Alaska,4910,79050,
2021,Arizona,103280,83320,
2021,Arkansas,22660,76740,
2021,California,662110,120710,
2021,Colorado,120800,100170,
2021,Connecticut,46880,98650,
2021,Delaware,16730,101000,
2021,District of Columbia,49000,110590,
2021,Florida,229040,78370,
2021,Georgia,151670,96350,
2021,Hawaii,11330,80970,
2021,Idaho,18000,74170,
2021,Illinois,175110,93260,
2021,Indiana,62830,76910,
2021,Iowa,36980,79860,
2021,Kansas,35100,77750,
2021,Kentucky,33070,67820,
2021,Louisiana,19880,64150,
2021,Maine,12150,77750,
2021,Maryland,138370,102700,
2021,Massachusetts,146110,102700,
2021,Michigan,112080,79020,
2021,Minnesota,101560,97050,
2021,Mississippi,13060,62620,
2021,Missouri,80690,78110,
2021,Montana,8800,62690,
2021,Nebraska,31260,78920,
2021,Nevada,21480,75880,
2021,New Hampshire,20670,92460,
2021,New Jersey,145050,101910,
2021,New Mexico,17810,77150,
2021,New York,263440,100290,
2021,North Carolina,161780,98530,
2021,North Dakota,6780,69010,
2021,Ohio,162510,79440,
2021,Oklahoma,32700,74080,
2021,Oregon,59310,96300,
2021,Pennsylvania,163020,80170,
2021,Rhode Island,15330,98610,
2021,South Carolina,41420,77500,
2021,South Dakota,8680,69350,
2021,Tennessee,62620,73120,
2021,Texas,411390,89880,
2021,Utah,60770,78980,
2021,Vermont,7070,77500,
2021,Virginia,219330,101680,
2021,Washington,190160,127370,
2021,West Virginia,11100,62330,
2021,Wisconsin,79460,78110,
2021,Wyoming,2970,61870,
2022,Alabama,51990,85100,
2022,Alaska,5050,88440,
2022,Arizona,114420,92810,
2022,Arkansas,24210,76150,
2022,California,695480,128690,
2022,Colorado,131570,106770,
2022,Connecticut,48730,100730,
2022,Delaware,17080,105560,
2022,District of Columbia,48720,118710,
2022,Florida,273100,85820,
2022,Georgia,166930,99330,
2022,Hawaii,13040,87360,
2022,Idaho,18870,77730,
2022,Illinois,187150,96780,
2022,Indiana,63510,76490,
2022,Iowa,38820,83140,
2022,Kansas,40260,81500,
2022,Kentucky,38610,75110,
2022,Louisiana,22360,70960,
2022,Maine,13710,78000,
2022,Maryland,141700,110420,
2022,Massachusetts,154790,109250,
2022,Michigan,118860,85020,
2022,Minnesota,99250,99610,
2022,Mississippi,13770,69050,
2022,Missouri,87450,81920,
2022,Montana,8790,69620,
2022,Nebraska,32210,82850,
2022,Nevada,25750,78000,
2022,New Hampshire,24040,99980,
2022,New Jersey,158360,106470,
2022,New Mexico,20530,82780,
2022,New York,284680,106360,
2022,North Carolina,172210,102370,
2022,North Dakota,7720,73200,
2022,Ohio,156640,86560,
2022,Oklahoma,35500,78350,
2022,Oregon,62170,97030,
2022,Pennsylvania,173700,86170,
2022,Rhode Island,16210,101440,
2022,South Carolina,48550,82030,
2022,South Dakota,9100,73940,
2022,Tennessee,78340,78480,
2022,Texas,444670,94560,
2022,Utah,67240,85260,
2022,Vermont,7670,80410,
2022,Virginia,241590,109910,
2022,Washington,204330,128220,
2022,West Virginia,11190,69320,
2022,Wisconsin,80170,82160,
2022,Wyoming,3150,69390,
